"","diversification","turnover"
"1",7.3398100774761,0.107668903061502
"2",6.65115032593491,0.389383051461956
"3",6.97547049168962,0.069320366243509
"4",6.68954872223386,0.00433564548816266
"5",7.66729128062657,0.201821812702636
"6",8.05753228924037,0.0587762903425698
"7",7.023281365056,0.0485607716761899
"8",7.52280229377901,0.145573012371004
"9",8.68605021750591,0.15250609198391
"10",7.83975106584012,0.0343947659122442
"11",6.71917081106095,0.039273215518623
"12",7.64367471084188,0.30896916297511
"13",6.85287121304241,0.28620043626906
"14",8.31335913790907,0.266307405247583
"15",6.85156262794788,0.260717800159052
"16",7.94472954722602,0.272596320262743
"17",6.85915202070687,0.122697198029029
"18",6.99684567930511,0.461346100432196
"19",6.91403672646195,0.150949941451919
"20",7.65570776050072,0.342620765515619
"21",7.28631017809684,0.0923721423651176
"22",7.38076839332855,0.243519649949295
"23",7.39683041420315,0.135794409620627
"24",6.44913076707278,0.491311409834964
"25",6.84714753803633,0.17751218711578
"26",7.9994046486209,0.250134578321071
"27",6.98931173633645,0.173927178167978
"28",7.8634722894854,0.0648578877293182
"29",7.24998839131117,0.288757783571821
"30",6.75225474833016,0.179842014918998
"31",7.13087734789682,0.205210581123433
"32",6.48991670014891,0.225222566719875
"33",6.9054116362676,0.157687751872378
"34",7.68191042086718,0.216388695145721
"35",7.23944642591405,0.24672256467666
"36",6.572528724138,0.400877296276847
"37",7.7006421282788,0.0901974083025418
"38",9.42931615319545,0.00864195572653379
"39",7.65931535684537,0.321784095439054
"40",6.15572736250048,0.582784273049627
"41",7.54474397416134,0.51898289237071
"42",6.66011021093435,0.309409126396786
"43",6.8463810021251,0.00181059170967891
"44",7.18398856382065,0.0506006608410665
"45",7.28365972920136,0.0482399058065766
"46",8.28871281907091,0.0307243745779383
"47",5.98746864117569,0.0230192945189176
"48",7.81218339360476,0.172185146810091
"49",6.54798007336434,0.753942716730839
"50",7.73713182898475,0.134136820208379
"51",7.83135798888002,0.0119032118068454
"52",7.08356177520356,0.76477683702771
"53",6.72076034927391,0.022444973909677
"54",6.05787302121675,0.0884047577357005
"55",8.88995837718225,0.0807600080947097
"56",7.23975903566284,0.0996424611654637
"57",7.2201381946682,0.21769175666551
"58",7.10339783351874,0.0166586827141032
"59",7.31434752497971,0.4645213890612
"60",7.36451931136811,0.00903995189437037
"61",8.25883239007245,0.000401035666609294
"62",5.89222090555923,0.283347294152884
"63",6.71630456599306,0.12732871527859
"64",7.54508879217922,0.180386107574452
"65",6.88451416684983,0.011300579694593
"66",7.62062004364656,0.0640692103971988
"67",6.55511076827481,0.275797542035484
"68",7.33331064727342,0.117738827181594
"69",7.61619058934522,0.376215737480838
"70",6.24990176599365,0.291656325070823
"71",6.67240395108597,0.0278511158677094
"72",5.5928413127406,0.530209579400979
"73",7.68032152354103,0.0798555032463789
"74",7.20148790955776,0.307665466255058
"75",6.53885721803743,0.472013241404102
"76",6.95290877152403,0.0641911840136736
"77",7.51781819212289,0.146400971651399
"78",7.25541557653018,0.226392731863646
"79",7.29674632689173,0.210754064984427
"80",6.20228779732811,0.214610493828583
"81",8.6986751173705,0.118575980136519
"82",6.90063892698356,0.0714499727568736
"83",7.82248916963502,0.198273127350489
"84",7.53663515038325,0.0316561345407643
"85",7.76323067328492,0.0485854836711343
"86",7.15248369156553,0.381176982760349
"87",6.06163462409102,0.142449630751617
"88",6.67411036020882,0.206054097971818
"89",6.91907638365352,0.302795381479808
"90",7.08123184485865,0.441129505703781
"91",8.00433564190026,0.127413585553189
"92",7.63095161484943,0.225541776898168
"93",7.06147083553418,0.16890578136138
"94",8.11807539079698,0.0309747143616075
"95",7.29810075618845,0.630851942222528
"96",7.32575881195888,0.489963326095773
"97",7.84633191509475,0.132251262940991
"98",7.92319626127514,0.341679813782325
"99",6.28999275196457,0.134074523079374
"100",8.25212869788797,0.184395336582079
"101",7.64605049022114,0.128246792219705
"102",6.74729075899745,0.250046474671451
"103",6.38695574629235,0.585863772063986
"104",8.27775886993733,0.251499728159074
"105",6.76013746309413,0.509447546847754
"106",8.46576674534277,0.0390337870469941
"107",7.31633102985465,0.14097232018405
"108",7.654002443221,0.180137925781661
"109",6.81950687082531,0.118162412864536
"110",7.69911084584711,0.0260638019606346
"111",6.77251134014674,0.114916014829114
"112",6.01229291559284,0.123726036346788
"113",7.91937251279924,0.436117573977249
"114",6.98805401977858,0.330495237764039
"115",7.52284755769051,0.103830357839773
"116",8.36839916310297,0.105600241264529
"117",6.8718279160796,0.169120638004534
"118",6.29311502947929,0.59728927041776
"119",5.88377420093477,0.298717386687403
"120",7.83641494983705,0.269973902878273
"121",6.75451426054573,0.0310959194434525
"122",6.94814220296889,0.102637363560418
"123",7.15072620761633,0.288024843223994
"124",6.42260882821404,0.0479090978409604
"125",6.09533646381365,0.499948230442492
"126",7.68205658349991,0.00428364731032902
"127",7.12734487388566,0.0812053669171734
"128",6.96340876226448,0.243815204443085
"129",7.66862023906468,0.064501654586027
"130",6.73478917462379,0.139113008747423
"131",6.40321880543213,0.460053650155021
"132",8.34556015031915,0.257970429839041
"133",7.17556165477827,0.268428728111819
"134",7.09017186142039,0.340513073965437
"135",8.53982234809822,0.251147821410717
"136",6.62272124010765,0.608157640601784
"137",6.79265301448524,0.202122875530283
"138",7.10208310816588,0.135350444642122
"139",8.591019118167,0.303826702535889
"140",6.34781334739189,0.951054304362902
"141",8.09497467287617,0.213437059903026
"142",7.39327605586445,0.218274816347718
"143",7.79987944515118,0.0341337655479944
"144",6.83761069776445,0.391524094506864
"145",8.16916774163845,0.220242071708944
"146",6.30923315385786,0.290105333186096
"147",6.86677555568291,0.253471260136885
"148",5.31061654661266,0.458211140778871
"149",7.25968025501917,0.402200589512693
"150",6.1930410798936,0.281427561702718
"151",6.87829751461879,0.0422841431292205
"152",7.29004909317301,0.0735654740677925
"153",6.87560161356667,0.153137236838368
"154",7.09521764402732,0.595976401196057
"155",8.68762317441896,0.120462630892367
"156",7.77677904663859,0.186111624954173
"157",6.66387954043215,0.227374632529213
"158",7.00248885807581,0.105967368971569
"159",6.92046895527981,0.180279822423005
"160",6.96190825130269,0.171716261679239
"161",7.75270906588508,0.0504031003022963
"162",7.28118706220296,0.270846381488024
"163",6.02963168289277,0.0460508971523864
"164",6.45041934337799,0.571411846400906
"165",7.32337307557377,0.053969192167337
"166",6.49879294388452,0.730892766971582
"167",6.3011211012421,0.616961059950885
"168",6.97234587144461,0.141952608024477
"169",6.69725434154371,0.312173886288299
"170",7.46207740011481,0.26893118028856
"171",6.08346327810788,0.255739037080479
"172",7.30920979397369,0.00827018602646315
"173",8.13528440110672,0.0512525399383585
"174",6.93711012704349,0.58109166201776
"175",6.58532550421668,0.896600315357505
"176",6.13290613116839,0.0579994289708405
"177",7.03260858490565,0.0332472975702096
"178",7.57100146859976,0.257010938164349
"179",7.53608450400423,0.163790031645015
"180",7.21214392925767,0.129398928706521
"181",6.84125487592557,0.125068061141771
"182",6.77072913241725,0.190086718530054
"183",7.93108693087743,0.106138827045256
"184",5.91665602119901,0.431037794242314
"185",6.14977815923629,0.329787574967162
"186",7.00676929150431,0.446657765406655
"187",7.40816686297217,0.100887796656205
"188",7.29797568581696,0.13361775040934
"189",7.15941298226503,0.102363553612212
"190",6.57691615777539,0.395150714624301
"191",7.9948238277784,0.170720620546681
"192",6.43461390002941,0.851874163314811
"193",7.97400259472917,0.579820268962691
"194",6.30878485631414,0.560293312569057
"195",7.66637526955273,0.0147543433123893
"196",7.8098845172282,0.0379233147730472
"197",7.51640831254943,0.23223584723432
"198",7.40738173250824,0.118425730868724
"199",7.3406055515345,0.0236922663420053
"200",8.21652947262097,0.00494791421344839
"201",6.75485992111353,0.0427401057151837
"202",7.34231809774783,0.00763014192845108
"203",8.81498144864988,0.215276472796856
"204",6.99740051878615,0.470916037895263
"205",7.33634485385738,0.0184172256594838
"206",8.12626254977537,0.512325814621177
"207",8.02136666025475,0.0897242323737309
"208",7.75650268649924,0.311106690487213
"209",7.60476385393894,0.38904644450011
"210",7.10923474231203,0.167358272263695
"211",8.47214815069843,0.0245648891888496
"212",7.26347625186451,0.209140056758422
"213",7.05713545110777,0.218403974800725
"214",6.11022665568759,1.07541456463159
"215",9.03493625228227,0.145129603929303
"216",6.48329476474432,1.17821613990515
"217",7.29801180142105,0.0569005819386485
"218",7.33309255644181,0.108039735861122
"219",8.71947444378922,0.0331856769646235
"220",8.66475004320914,0.018371319276658
"221",6.03643279773687,0.41621147980554
"222",7.67975790064225,0.148946664855642
"223",6.75003567042131,0.370225312739452
"224",7.34320436503086,0.450288618927355
"225",7.43352181037817,0.0862447129279308
"226",7.84665558165948,0.223005915401097
"227",7.24453008302745,0.455409973665826
"228",6.69030642443283,0.0318584325007284
"229",7.1594805589405,0.00246282537492216
"230",6.96641621720904,0.175393857156287
"231",7.3785871028957,0.0785099937362627
"232",8.3148968901462,0.15022787352121
"233",6.96384031343889,0.403445122740448
"234",6.47200341472225,0.456294202388726
"235",7.6074746753835,0.0497421167665357
"236",6.54834151819381,0.358214954091542
"237",7.15195156058934,0.584950612851537
"238",7.31891035139263,0.113475797243849
"239",7.64672353686353,0.18143586709051
"240",7.01376612193535,0.00641408076264142
"241",6.47517284990271,0.091322984817949
"242",6.89676143346556,0.169290696808745
"243",6.83983301783074,0.247411168589907
"244",6.64406019325903,0.359063658182041
"245",7.40850472302953,0.0335917574770408
"246",6.43339768339995,0.095414168477709
"247",6.62541972433402,0.0384810550457369
"248",8.31119504548849,0.0536317737254427
"249",7.38749899914397,0.0456442353175434
"250",6.55227114753204,0.0773075456972422
"251",6.08582697131118,0.270781604062664
"252",8.10405341866348,0.380189780160052
"253",6.88816136066534,0.00985732033597493
"254",8.5442850394282,0.227615084121967
"255",7.55490171012131,0.0683198329204345
"256",6.76169029910266,0.0693839072982824
"257",7.42097801839542,0.0437281134452249
"258",7.26899913910488,0.0794992436369682
"259",6.81520324675917,0.254843794746182
"260",6.45280120130969,0.0195727945237381
"261",7.05524939528349,0.00602237010567711
"262",6.37348357058276,0.577409072375824
"263",7.10600230763813,0.51827710644137
"264",6.65647593615308,0.0279876210257695
"265",7.77786039535433,0.0381800969738572
"266",8.14319597319106,0.387229936172399
"267",6.81247919715874,0.0471959841544449
"268",7.03121573957263,0.045752721934895
"269",6.98322608122582,0.0239425750574392
"270",7.12919680699184,0.0226893082010364
"271",8.77576650083879,0.0850634848447799
"272",7.90475528492336,0.0896284328132951
"273",8.05066341246829,0.395901588800365
"274",7.62993049650488,0.214779836264919
"275",7.5711218156121,0.456528657449738
"276",7.71785367425229,0.212092906406394
"277",6.93297312183028,0.221020998336567
"278",6.36598306124859,0.709397612243892
"279",6.31247510318549,0.448187405070249
"280",7.37402169613085,0.0622780512554523
"281",6.99273941211917,0.349740625794299
"282",7.34205686050417,0.939851550551623
"283",7.06465286106354,0.356378441456803
"284",7.28185500387322,0.0641110204990306
"285",7.55202224141453,0.230217073376819
"286",7.36278725107918,0.102453211357164
"287",5.68410643391206,0.38499133023605
"288",6.95481606842972,0.140436409657705
"289",6.23176922461675,0.579994132185457
"290",7.67471546982957,0.238574569040897
"291",9.16779043529083,0.0604554207505375
"292",6.67603172632764,0.031355576496501
"293",7.56768508646676,0.00136519606504453
"294",6.81146703772378,0.296506978172408
"295",7.31728300348122,0.0273242192341581
"296",7.18426411876959,0.139559734272128
"297",6.84814922617464,0.129900924926705
"298",7.64931365335363,0.186919014499988
"299",6.64197896702544,0.497970540728298
"300",7.8394135344203,0.314088137056694
"301",5.7600242322122,0.10242666081441
"302",6.38136627678404,0.552387311927442
"303",7.20966212154661,0.0976933002159254
"304",6.74862030713387,0.253272119306491
"305",6.80023085133435,0.291625821266268
"306",7.75693139021556,0.249217051446849
"307",7.44226901726509,0.30533635058335
"308",6.35022756212625,0.566495187576024
"309",6.63857927834484,0.188046786463406
"310",7.23288556361862,0.682197566247915
"311",7.17555744515607,0.199853113574543
"312",6.99649865070084,0.0131899590751593
"313",6.74925567740641,0.474877389468497
"314",6.86618463703916,0.0712337982183423
"315",8.26343847089308,0.214875280556345
"316",7.14982787417544,0.478698904835369
"317",6.97661814067162,0.431894117291521
"318",7.72692395734627,0.0498114835784421
"319",7.55880534392504,0.101446200472317
"320",6.85540564678882,0.285000556984294
"321",7.17434874370669,0.325476086004025
"322",8.15216164073987,0.00704966471411019
"323",7.46385238301404,0.02293890746902
"324",7.35307801470943,0.0229426605908342
"325",7.26909081434156,0.0148224071981104
"326",7.58113484464427,0.175241954710964
"327",6.93745580909584,0.175277418374899
"328",7.03793266510577,0.427832302183071
"329",7.44552395838118,0.0185451836152192
"330",7.65344142297884,0.902687118618556
"331",8.3768993309761,0.0732294504677733
"332",7.66696546372314,0.157144564765575
"333",7.97865051300801,0.130633304914148
"334",7.88379462786903,0.408922661281514
"335",8.14840265359834,0.424720771922501
"336",8.42433741570278,0.290338310511008
"337",7.51427750568729,0.0262173540479355
"338",6.48829441886252,0.867473676709014
"339",6.50898671563347,0.0506256766526707
"340",6.67529740698441,0.14966785525203
"341",6.98557613081649,0.0769684919158811
"342",6.35234758174909,0.404085637254881
"343",7.40322945744338,0.335752564824319
"344",5.8991454478144,0.568098059787076
"345",7.82220489658746,0.0471359322899957
"346",6.99954111899079,0.0793148402249579
"347",7.89198960597552,0.518476560121858
"348",7.70849008220588,0.190257659425845
"349",6.70564031472364,0.202973749936464
"350",7.38388005167814,0.155069303485785
"351",7.73305631436579,0.272820387190955
"352",7.88413850408424,0.189677319310047
"353",7.04488770512213,0.619020148093108
"354",7.08455078383618,0.0982438357181827
"355",7.78728671799623,0.0695298948132939
"356",8.04660842044756,0.0437630315687206
"357",7.11886319026456,0.115007032862866
"358",7.76973982678307,0.15664040883659
"359",7.14564061430087,0.0917733277546944
"360",7.50057188777568,0.125485821819364
"361",7.11939288270474,0.198404387387587
"362",7.94547473326856,0.887060380899176
"363",8.13000401811322,0.164300656549489
"364",7.68536150613584,0.138419856530221
"365",7.45743905500585,0.695433349617942
"366",7.55401080727178,0.00217496754310462
"367",8.09051486916001,0.268075313072674
"368",7.34316432582028,0.206824575714382
"369",7.37767123105202,0.175271065867521
"370",7.11252843837077,0.0225899175972701
"371",7.92783013060775,0.019989844811607
"372",6.0428769582451,0.000416397957980416
"373",7.52403367865965,0.178111744927208
"374",6.88136203531079,0.0394916492886855
"375",7.54047980986628,0.180652621151491
"376",7.75543257801204,0.107001212398501
"377",8.00184468888079,0.0681302492411183
"378",5.89741081864765,0.203889223663504
"379",7.39809606505995,0.18289682521384
"380",6.34531970978832,0.0244936781362499
"381",6.55317245295404,0.123678126254921
"382",7.05746998122705,0.124902687675459
"383",6.98305832652515,0.0505046361668019
"384",6.91871881671021,0.0633143044321083
"385",6.98879136810929,0.153104718189219
"386",8.32916397146382,0.157640888360306
"387",7.6950169589035,0.0331712875846752
"388",6.31854918175641,0.444372133136885
"389",7.64284289131376,0.0422056557876891
"390",8.07810664836716,0.43984169693042
"391",7.54528087273141,0.437238198022041
"392",7.19973363340402,0.202161428651989
"393",6.78260209235674,0.658174059515406
"394",7.33979764521607,0.105140540916406
"395",8.30981486255022,0.167045076260632
"396",8.02917259795642,0.110414533271148
"397",7.35826964998865,0.169710706166671
"398",7.92567732020633,0.163262173169531
"399",7.02070644743111,0.0791848968623849
"400",8.37564484441496,0.0914568122549658
"401",6.62096516065332,0.171090429539644
"402",6.63966337486502,0.773892559517711
"403",6.3318509094119,0.572620835634052
"404",6.89833742101496,1.37440174262119
"405",6.0703945604216,0.0136820255484404
"406",7.77720224969628,0.004918858190287
"407",7.17117343078102,0.425524699633862
"408",6.43489169702655,0.228039737493541
"409",6.16199039317919,0.148140328092223
"410",7.24355409241423,0.512861983985985
"411",7.2484450276121,0.221059320088599
"412",6.8784429878941,0.235938413875554
"413",7.39323002577736,0.239737859705693
"414",7.35848251269695,0.0109167870163113
"415",7.66196074862448,0.0449337821900757
"416",7.65824038039103,0.0392192809893534
"417",6.8750903173617,0.469781745975768
"418",5.60954888605403,1.08893504169446
"419",7.99293472823012,0.0713215858952475
"420",7.01770654076057,0.170657457120567
"421",7.47695823144142,0.0904805523133217
"422",6.80365721291529,0.159258998654976
"423",6.19425406691279,0.215859737860386
"424",6.52006845460001,0.331783144850209
"425",7.05603550082403,0.127474848112662
"426",6.32361552723603,0.163223916583187
"427",7.94633026455284,0.321819315786417
"428",7.41195658247344,0.934715981919595
"429",5.70606311716937,0.430745783916117
"430",8.49054080463286,0.0055352144230461
"431",7.28649431351857,0.162129773714976
"432",6.37208716319919,0.43966462036177
"433",6.45114704752267,0.167932544875
"434",7.05171305325297,0.494312948334658
"435",6.55597054103754,0.372037063742533
"436",7.55537566052508,0.203790515027935
"437",6.23235833874209,0.0267091021402636
"438",6.65156685336774,0.536837158442817
"439",7.35659786675595,0.126816982528941
"440",7.96602229049134,0.229344152210871
"441",7.70535531141161,0.168189533310821
"442",6.36807520248218,0.370753535315505
"443",7.23098076212166,0.393455285830399
"444",7.56189862768953,0.132709307268187
"445",6.45124919321156,0.00459863045148181
"446",7.05404164321061,0.277525877672455
"447",6.41365475552352,0.254834712917985
"448",7.3895631729867,0.275190834257475
"449",8.61224919210955,0.196631616191185
"450",7.35687290384996,0.186888895428654
"451",6.2005192433199,0.313177981246648
"452",7.32586840569238,0.466844249271727
"453",7.88910547668193,0.138958332771461
"454",5.97044794794279,0.000188599711049658
"455",7.4459496798705,0.0811583333758951
"456",6.9761560900291,0.0156661768623914
"457",7.6519917553076,0.0137956456957769
"458",7.57347045013283,0.176660438131128
"459",8.05954785244525,0.305833566050741
"460",7.43996721515448,0.153189051734898
"461",6.6746726968018,0.0351194732519024
"462",6.7678755755069,0.169455590769443
"463",5.98847220623032,0.145065015448056
"464",7.35406375179214,0.021096280945009
"465",7.32188930069617,0.015624473399953
"466",8.31093470939052,0.13642521555272
"467",6.74579533441341,0.458242023413554
"468",7.18051884578147,0.0514093862844256
"469",7.18051884578147,0.0382817657678476
"470",7.03291067038606,0.110477335014098
"471",7.593255409482,0.191599698406104
"472",7.11619337187043,0.207476731318835
"473",6.32755466387451,0.280114788823704
"474",8.06000727644823,0.00383512586934228
"475",6.71547123081162,0.394025775166818
"476",7.25269406331135,0.416445258191832
"477",6.02410433549948,0.176109124643569
"478",6.79187963286615,0.341807294866933
"479",6.70961811685288,0.189816470293226
"480",7.05736925591387,0.277762922450643
"481",6.77726731478266,0.0792132163090668
"482",6.8307411780751,0.0860063282686163
"483",6.84715504011545,0.116681870565064
"484",6.9001733362244,0.00718751756676005
"485",6.17575243411951,0.214945772413094
"486",7.82603435299238,0.0408252036332676
"487",7.20035678390018,0.00632358223165927
"488",6.67501940437278,0.553203609720949
"489",7.01007443587833,0.511242338353779
"490",6.69436789915873,0.129464352794162
"491",6.83178940048313,0.00657462311166102
"492",6.81047058860036,0.370452568983684
"493",7.71970809012224,0.122303000696037
"494",7.23698697880205,0.447473450762607
"495",7.27771121935416,0.0861093361508371
"496",7.35885437161709,0.119847942376733
"497",6.88848370118555,0.09038153429449
"498",7.48027289829878,0.202733153189059
"499",7.09441443809542,0.216855962344381
"500",6.29164900251341,0.110430102758752
"501",6.25947178004855,1.04270551378795
"502",7.53468205680807,0.226444971891808
"503",8.00213597663085,0.150528443872859
"504",7.34045120419158,0.138673096972465
"505",6.33494017334746,0.13452374859152
"506",7.79604264712774,0.160160006114618
"507",8.22714443355073,0.107769737572815
"508",7.77334363952274,0.065973038804651
"509",7.85198892435716,0.116578434675899
"510",7.08334944789198,0.352900132510334
"511",7.28142258566285,0.573440808310541
"512",6.12527100337582,0.155411797479358
"513",7.23438730461493,0.0798857277771397
"514",7.34264143780272,0.308779786455038
"515",6.9046202897459,0.18116998493747
"516",6.81625147432576,0.146218251242737
"517",6.37639779572842,0.584822282616383
"518",7.78486015704105,0.299766940543041
"519",6.99693945080908,0.304726146899431
"520",6.25373836816359,0.0593811474426929
"521",6.50019794329203,0.676977518592056
"522",6.96917509129922,0.0962842057932612
"523",7.88988164164091,0.826846736375447
"524",6.95843978585862,0.631738950268099
"525",7.2643400914941,0.12636350200381
"526",6.61775821609513,0.304780883622749
"527",6.78323940139518,1.14861787271034
"528",7.00481691691465,0.492642078159652
"529",7.66320283845486,0.026819629981596
"530",6.83592115953435,0.349974116276982
"531",8.04696687881279,0.058502528200849
"532",7.43177140383193,0.312887598872835
"533",7.62802983525818,0.00346300272075341
"534",8.34389942915184,0.204599440624516
"535",7.97375593621291,0.159087725589725
"536",7.24236185949718,0.392842771781221
"537",7.65967503095893,0.240631811936377
"538",8.11275163715619,0.0915850022605793
"539",6.58469467203842,0.344915869436539
"540",5.88871720487727,0.196047729549759
"541",7.31710834496568,0.105150197163442
"542",7.36507233109843,0.19929415376213
"543",8.2770470762388,0.118271648114268
"544",6.41527578656207,0.442315659638835
"545",6.19392716593166,0.519270164044781
"546",7.33968379229451,0.00262984206666492
"547",7.34932172863192,0.0913696431930275
"548",7.74893018658028,0.0562382923379376
"549",7.69042721371472,0.0433624680235334
"550",7.88759216257346,0.123698072996511
"551",7.10364795884392,0.478659578245701
"552",7.14941997574034,0.559216942043884
"553",6.6097239139126,0.296389816446998
"554",6.8238390679289,0.301338130050751
"555",7.27694350961806,0.0148089677557363
"556",7.37979646340511,0.899594933107095
"557",6.67905276482517,0.0565944283324693
"558",8.49255206615392,0.148162367601893
"559",6.27450979855959,0.314843064470927
"560",6.606723374499,0.565773216949805
"561",6.67326185279327,0.0647130330186725
"562",7.72054317452682,0.17720672021494
"563",6.9157252744851,0.266445275710228
"564",7.94461719125331,0.358240896260071
"565",6.92726663603613,0.199189902779632
"566",7.47580807128926,0.0983978095707667
"567",8.82104556491023,0.278195853404937
"568",7.09581960209782,0.21036366739243
"569",5.6646190023825,0.823825489777404
"570",6.47731407800491,0.656690641124149
"571",6.69387126415917,0.305043861851841
"572",6.84990965638919,0.336235311015123
"573",6.83066948118467,0.207616212890009
"574",7.15891821487134,0.0642078338580439
"575",7.13793531632862,0.01863514691399
"576",7.67254875061916,0.156189858779637
"577",8.00219431386212,0.0776506879743081
"578",6.9633059574593,0.474908625175344
"579",7.81214654188654,0.500207745704825
"580",6.5746902006817,0.402777118072087
"581",7.40403777272858,0.108364355293151
"582",7.33583174509526,0.0409273645167645
"583",7.98686185186858,0.532927851276685
"584",6.61268793659292,0.425580860616404
"585",6.94632196553611,0.662916183393279
"586",7.90481477408492,0.168504253409822
"587",6.47099982835754,0.143835688176536
"588",7.89689738124096,0.118558472377574
"589",6.2581683483436,0.669681832418764
"590",6.45094603495953,0.39172031262404
"591",7.18490247127391,0.00187502687116155
"592",7.03168377044437,0.0167176397951496
"593",6.55560239183402,0.30982625611473
"594",7.32145764800172,0.363335776264015
"595",7.7860299119949,0.482654093529939
"596",7.85953746310952,0.0327822138213327
"597",6.79962129683422,0.156597992322735
"598",8.85599267230977,0.438312254558021
"599",7.9814458686699,0.462374272311805
"600",6.82189248223398,0.22137951146963
"601",6.87328293497529,0.339202685646767
"602",6.47495841730929,0.510165105811415
"603",7.84040468081609,0.247726293444958
"604",7.03991331575499,0.510701299850286
"605",6.28718736320251,0.0744714276068516
"606",6.66749015363907,0.0440085605900768
"607",5.49230428418194,0.587933962693849
"608",6.54122174133684,0.646830640638004
"609",7.19433812107113,0.409311885442856
"610",7.80671436859399,0.205928499478014
"611",6.83196040885972,0.203445712484672
"612",5.83785896982772,0.82367571643312
"613",7.41683457024671,0.00796790467702313
"614",8.04040845552736,0.203112028982229
"615",6.07267505121117,1.03981599953682
"616",6.61093404458546,0.253030299513774
"617",7.81281660428833,0.122441387809636
"618",8.43731796303538,0.102933865779706
"619",8.82524878212121,0.231727905978371
"620",7.94795942448351,0.369899978310448
"621",7.41564771688532,0.0905809594651196
"622",6.5385257568655,0.290458990208066
"623",7.79018094599902,0.122129976920203
"624",7.10980276079121,0.424229945342908
"625",7.4593926043187,0.105839913869488
"626",7.09643161611208,0.0649036654640384
"627",7.48113486698619,0.465495898821757
"628",6.90038268093284,0.300485998674065
"629",7.8068920632851,0.0331699197327728
"630",6.3692495867649,0.214921605129286
"631",7.14999646311983,0.0322872044857977
"632",7.66923508897177,0.00992472586663757
"633",8.06358418974618,0.0387007576236908
"634",6.75609013563082,0.0176034540332052
"635",7.14945641515965,0.0382175971191271
"636",7.99849554844428,0.475033698068501
"637",7.12216487790031,0.0479977864910413
"638",6.48904504811971,0.444290917399468
"639",6.75900041718552,0.172825986457711
"640",7.19751566493022,0.0169783780882418
"641",8.17632062632228,0.0552145803970615
"642",6.72491519750675,0.192801263796722
"643",7.30136333667514,0.168642216782438
"644",7.21312856355339,0.232969729550149
"645",6.84663378118196,0.59870957078784
"646",6.24901745490521,0.868579077768039
"647",7.79732287459856,0.238539345845275
"648",8.37894906586509,0.0188980545107649
"649",6.55788256910471,0.480136436111882
"650",7.20123272882095,0.0575979328851537
"651",6.45988552952292,0.280896325688589
"652",7.60597872471672,0.0424390648978375
"653",7.36277544215488,0.263999000721702
"654",6.91306009208366,0.14850238758232
"655",7.18159487443957,0.0820439171516478
"656",7.91398422006298,0.0111710495141814
"657",7.27479282732436,0.354324047833161
"658",8.30948346111145,0.0611630417027946
"659",6.49158737061641,0.0463958669372608
"660",6.73684709155597,0.0615285633157086
"661",6.98152686210905,0.395616571797371
"662",6.72192791440378,0.252586239732857
"663",6.76170593342097,0.110794156939808
"664",7.67252330694673,0.136930210425331
"665",7.18108303559111,0.00531155688325945
"666",8.49504615887929,0.383746679399977
"667",6.77243059844082,0.063924183599693
"668",7.43360680100106,0.142284723175098
"669",6.81875712141914,0.0878406793575646
"670",7.68851175188273,0.0757813797928089
"671",6.78363833892383,0.98145990627404
"672",6.88194158132664,0.00433491100135368
"673",8.15681468313625,0.369036666170043
"674",7.69806445685312,0.406099287272223
"675",7.58637995922875,0.00424254902874815
"676",7.4369030143237,0.177176373793096
"677",7.58529887349809,0.299764052631203
"678",6.83967891407866,0.0547558380639323
"679",7.21610589459317,0.0353966495252481
"680",6.38299064290936,0.345531914176225
"681",7.79256545021459,0.0308398938181038
"682",6.71820823154288,0.271860008870919
"683",7.58022484172493,0.387909461966327
"684",5.7599071904744,0.0253234652561262
"685",8.29311267528846,0.240030406617732
"686",7.58868821136478,0.112325047774983
"687",6.38619294650957,0.366377878930431
"688",7.13599506457541,0.189150109266152
"689",7.42193301284878,0.383366399285746
"690",8.25444246414089,0.137402494631284
"691",8.96919611924957,0.00816647365269405
"692",7.23214637955299,0.315424910951203
"693",7.11777709914055,0.0982920943722264
"694",6.27898336026659,0.0820898487749607
"695",6.79019214043515,0.0288316197630756
"696",7.25276088013423,0.326195063606464
"697",6.00526618964551,0.348792027551707
"698",7.91620042943893,0.20394162873472
"699",7.06284354818875,0.010452452982749
"700",7.52584182753926,0.152140785939908
"701",6.91894709453984,0.305543393339114
"702",6.95121111452164,0.0473300824876678
"703",7.09712095684455,0.504811938620536
"704",7.63114191976619,0.168499467619459
"705",6.22405880530008,0.642657359443619
"706",6.8995759350842,0.269272977405362
"707",7.93984200775496,0.208553323674911
"708",6.6890757387425,0.269619012709315
"709",7.0838688230074,0.431324958982612
"710",7.00137253663832,0.237767693988413
"711",6.78724566678336,0.0976554869013666
"712",6.61371902095325,0.268869312369635
"713",6.40132143448008,0.235583185543945
"714",6.5000699029893,0.246807234321622
"715",7.18377901106321,0.150583220025718
"716",7.76118715127899,0.0594106006247456
"717",6.5271703469138,0.566132855743326
"718",7.69525015825169,0.411064199223416
"719",6.97816781047871,0.0413022067250399
"720",6.80552151383661,0.0307981063161597
"721",7.33147564084121,0.369334543872405
"722",7.82876416847081,0.343024037684498
"723",6.16164472063097,0.298287450793986
"724",7.02349054320385,0.19850376133276
"725",7.38892502760329,0.149718663047638
"726",8.4158453374649,0.0268349936295518
"727",7.20862975860928,0.556737864564204
"728",6.65416791528554,0.290607786160741
"729",7.14972929264146,0.733964286517883
"730",8.0193013895737,0.0889147388367353
"731",7.52246111538897,0.315673912153545
"732",8.64540146288419,0.0247818472876421
"733",7.38844942701027,0.935723366547155
"734",7.47882966108278,0.212020422257684
"735",7.41568047351551,0.69755555769435
"736",8.01824778149465,0.198102255948355
"737",6.78401843647354,0.265128752713929
"738",7.52825644414422,0.125659672087459
"739",8.51476776799168,0.261542235259644
"740",7.09845342728539,0.351213452830463
"741",7.78622675461087,0.460407763401839
"742",7.07507306872416,0.102603546676955
"743",6.93858582552487,0.271530088915736
"744",7.17613414637371,0.112925759798527
"745",6.26028785134962,0.748480067200993
"746",6.2597308309239,0.136294459070584
"747",6.30605908379271,0.400792350021345
"748",7.29184168053037,0.162145171330562
"749",7.40199669360714,0.178873208127854
"750",6.32225053476724,0.160461678844382
"751",6.82152643391543,0.939810732406743
"752",5.8549430370384,0.047290194366966
"753",7.0409244576703,0.171868225999736
"754",7.09134305343763,0.32609651703109
"755",6.70173502481909,0.317921966842966
"756",6.10794084594362,0.436610977143771
"757",7.41546391754476,0.0173071206987171
"758",6.87180886816669,0.290123550416661
"759",6.54271296834561,0.473201630191691
"760",8.54456286269738,0.184903798295509
"761",7.67333879137288,0.111503708688375
"762",6.86777852510924,0.508994152735079
"763",6.62540333376872,0.227094035227115
"764",7.51435597416188,0.0346491384455682
"765",6.59713200510894,0.671221343365335
"766",6.50573234621423,0.472953153065218
"767",6.36183190848281,0.0533060642951638
"768",7.64723291403769,0.0592222829807571
"769",7.02518849241985,0.743378078429975
"770",6.98714728331141,0.236742576242779
"771",7.22851371082082,0.0338114409578803
"772",8.2405663022436,0.0450047245541409
"773",7.68060823468611,0.184320568804037
"774",7.26759497755505,0.602636722912288
"775",6.64974138039452,1.02082689551386
"776",7.47348396883795,0.069161521067546
"777",6.97785768290479,0.0369109641523909
"778",8.02835905210621,0.167518987124038
"779",8.81560904509169,0.121105766488011
"780",6.8003314117294,0.0640586025059241
"781",8.02240647418395,0.23171644490339
"782",8.1122019740228,0.151822419291875
"783",6.9847752821141,0.0183055563230217
"784",6.86372943241741,0.00199797427831483
"785",7.13634530983927,0.141354230653495
"786",7.7753163954968,0.333696408068546
"787",7.39118246147237,0.07836027175046
"788",7.03836954838633,0.374481767078399
"789",6.37504822561554,0.0946646845359895
"790",6.51730629279951,0.463113594419716
"791",7.75373458202878,0.166609029710003
"792",7.04440237229922,0.392251728054487
"793",6.99258255337697,0.578828618762467
"794",8.00448060439403,0.25062914760859
"795",6.61605484498222,0.173933374732535
"796",6.38339706527467,0.228616538901779
"797",7.91566402230996,0.0780250169832672
"798",7.02590223944752,0.0722469099559212
"799",7.4522444667625,0.129743509659074
"800",6.72846592895568,0.29569861111729
"801",5.81403657133056,0.125540687044862
"802",8.61417545060778,0.676205476726162
"803",7.57877686543644,0.071860468568912
"804",6.05476679641874,0.474342212211913
"805",6.69648527901529,0.288946756595261
"806",6.07228783840333,1.42200239267345
"807",8.22720954073603,0.261301170691098
"808",7.22057542484792,0.0518197092169388
"809",6.9726839578749,0.238678653249386
"810",5.98901550347073,0.800840964233932
"811",6.71973546657308,0.38164553195692
"812",6.69027478085952,0.275936637877868
"813",5.144410297187,0.550873796289831
"814",7.41679818634318,0.271266843388414
"815",7.39519831137301,0.131175523528409
"816",7.17918727291059,0.0785995093503663
"817",7.08086103114869,0.0539736773545877
"818",6.77314038199321,0.0805608056777874
"819",6.34708823537956,0.322749790835499
"820",6.52088768167072,0.346372635992072
"821",7.82031725363854,0.153090268401306
"822",6.52678710138716,0.229225693591695
"823",5.78298253320963,0.265209484068831
"824",7.35923578781097,0.0174748226197665
"825",8.06368023422042,0.30280489636097
"826",7.57466345627772,0.00669045309889927
"827",7.12766260041522,0.0907073792568821
"828",6.76371349016266,0.0596126962934475
"829",6.46200349061146,0.340260322193116
"830",6.96065206594539,0.128586642585245
"831",6.69630321824538,0.00148376714156221
"832",6.44811834152956,0.182167648417213
"833",6.45932871389833,0.151015280365201
"834",6.64161367073772,0.245821741555332
"835",7.71407729993405,0.0177031471047395
"836",8.0847234553057,0.076234116652565
"837",8.24437883585563,0.288889950954343
"838",7.19046772857781,0.821681336147236
"839",6.52220993047344,0.0823231810042816
"840",6.88810929059068,0.0567816756321749
"841",7.74617822361109,0.302444773996673
"842",5.96453600576546,2.19546200433864
"843",6.72179905662268,0.0280729235010707
"844",7.23861841488203,0.696793907231025
"845",5.40710569940906,0.512315701527174
"846",8.96586066002656,0.250496508096307
"847",7.24755155440459,0.131034490018331
"848",6.37737652997674,0.360982999885511
"849",6.84078495642009,0.221400010543487
"850",6.2498966603643,0.149123779500205
"851",8.01904504400614,0.180865386434881
"852",7.49518583612805,0.022401054562843
"853",7.06914930880798,0.0999286427618241
"854",7.29774701365194,0.484921131430601
"855",7.95084836463176,0.097975067444227
"856",8.13889199089759,0.624410572594921
"857",6.48218383759794,0.0428934666243801
"858",6.07732854553185,0.232979474976508
"859",7.96738351168183,0.0966122452847014
"860",6.32593912813522,0.651969676561147
"861",7.40727491246621,0.139013367949409
"862",6.9568111468509,0.537503220655019
"863",8.37073503918335,0.110368139820141
"864",7.25093282485743,0.135137317831194
"865",8.02521200023575,0.118346305775645
"866",7.09723132950306,0.145940781833515
"867",7.88504469579235,0.0325521736122779
"868",7.67806861944707,0.00907368559678376
"869",7.2076631026827,0.246904540137102
"870",5.59637546991543,1.65898730550253
"871",8.19172644224502,0.151829642410057
"872",7.13294642712452,0.0115105454382402
"873",7.76929956889216,0.241412895409349
"874",6.76960830505235,0.37207496722934
"875",7.76419677639022,0.101216230567107
"876",7.43151831536142,0.378837965029525
"877",7.67233157729838,0.132137105565721
"878",7.01001235248159,0.194353123876636
"879",6.48680843685957,0.441250198551383
"880",7.42163937525908,0.0954910486784237
"881",6.27893647989549,0.209113656510934
"882",7.88518465822488,0.482610957197458
"883",7.53937960407209,0.482610957197458
"884",6.23993320426217,0.36465877965442
"885",6.43728585658504,0.303769639859609
"886",7.00157331263381,0.262524958921316
"887",6.4993810561379,0.193662296750085
"888",7.73589094477865,0.181367489558796
"889",7.32250259162028,0.402577178517282
"890",7.12358675839628,0.284467641498984
"891",6.05522500737898,0.721517684616494
"892",6.01226676410841,0.372635017589006
"893",7.50135805824266,0.137893370541626
"894",6.58243223353908,0.727954707800049
"895",7.61199269081847,0.18229956748543
"896",7.36632644758788,0.0865217735902485
"897",6.84556038769808,0.13893985318688
"898",6.63465109637949,0.28895456208382
"899",7.9706342106269,0.144354469920398
"900",6.7251479458319,0.145249652066561
"901",7.60824963090454,0.0193180150898613
"902",7.18394080601652,0.0758098641683542
"903",8.07279234104288,0.268785606185228
"904",6.85441234181741,0.142260671324437
"905",7.62234122862636,1.054692918749
"906",8.45030391377339,0.174086810660267
"907",7.17631436947509,0.145092880475339
"908",7.60307643301933,0.175844806133682
"909",6.7698129752262,0.256974309116378
"910",8.05985541290905,0.082706098687723
"911",5.75219378545536,0.114343915741902
"912",7.92415775157457,0.360190508438398
"913",7.21499174446322,0.167578069085873
"914",7.55303338794394,0.0451964704488975
"915",7.75614906897298,0.0302250298485122
"916",6.15010522901773,0.888771805947779
"917",7.46640636065778,0.430972731439262
"918",7.5245831517599,0.114039608605802
"919",7.55637846611336,0.0253824712333462
"920",7.53557317141736,0.090125468522265
"921",8.25957276800699,0.0460598159102297
"922",6.48241470742063,0.169461661956534
"923",6.89675459371023,0.505656882514425
"924",7.76277679077851,0.812567563201639
"925",7.43163348761015,0.0427989617105112
"926",7.63129579859146,0.223026710101812
"927",7.29909783599079,0.352409404289568
"928",7.77117705228768,0.052791670837476
"929",8.23215245425786,0.0359727152688297
"930",8.93825543907493,0.0698610379247033
"931",7.42740388297873,0.179800711238612
"932",7.09866909357083,0.79793611218965
"933",6.56302822397833,0.155710867514887
"934",6.04302763423975,0.812250643675441
"935",6.91074414497195,0.25965321918559
"936",7.99079170358232,0.0426699585421264
"937",7.99203028330718,0.255358389091246
"938",5.28433791190026,0.265781548750733
"939",6.28724524144178,0.0297627859709791
"940",7.12835748302871,0.0772744700023614
"941",8.63287693283703,0.180559605161727
"942",6.8093786248626,0.329942062715471
"943",7.44143630886826,0.0620097761841235
"944",7.02879934889544,0.366237799467201
"945",8.30873035911607,0.0544812025097054
"946",6.54443579644248,0.407163904379799
"947",6.7142099740472,0.179585499271143
"948",7.31903525295754,0.00643859993689551
"949",7.08073094062637,0.29379698386129
"950",6.42918375532417,0.526509136619133
"951",8.40117416174361,0.0732992374972496
"952",5.63041997869559,0.862511949330952
"953",6.59446567447235,0.0398461091826864
"954",7.28308093267602,0.00614158737661067
"955",7.2908024016062,0.438509740528166
"956",7.59611735359948,0.0228274830915921
"957",6.83859997692044,0.289560206541768
"958",6.01309833573894,0.696133847264893
"959",6.90566215836525,0.656242271280162
"960",7.42369786356394,0.190673885122513
"961",6.89446929245979,0.426987787552513
"962",6.80224751083334,0.265410444922555
"963",7.12248827239127,0.293494850983621
"964",5.99826327853304,0.323276948392098
"965",7.45127282315241,0.05784726279183
"966",7.32929917756382,0.27269929476568
"967",6.31300672014548,0.105222104730567
"968",7.53273433141041,0.376617853297596
"969",6.5137493702122,0.817926618528963
"970",6.33921079694483,0.590864149412726
"971",7.73586872325999,0.063245460712216
"972",6.63070361080217,0.419874793694668
"973",8.92884287603543,0.0296223053365071
"974",8.62931839364048,0.584925135218275
"975",6.30239431822424,0.00414810736636979
"976",6.82634679346423,0.0136074688559538
"977",6.66919441076806,0.228250678883003
"978",6.79404301084073,0.0391373418844103
"979",8.26980869664766,0.493611717797671
"980",7.59748614997848,0.324891841469415
"981",6.72133444440254,0.126838003126854
"982",7.05342766966626,0.22751609289158
"983",7.02520278349865,0.132772960623649
"984",6.68504914203476,0.234492461612802
"985",6.91173154988352,0.46977120511504
"986",6.85138856642067,0.225608545081119
"987",8.93481290026688,0.236261889235
"988",7.00034648268067,0.226582327858293
"989",6.59364815613201,0.0793023918363625
"990",7.03498438926224,0.00232366655303761
"991",7.77069554409166,0.062121801726213
"992",7.85308006152101,0.075885917292841
"993",7.03305602695107,0.00501728171588332
"994",7.6304258482115,0.018619068881929
"995",7.12214118290201,0.149085848418804
"996",6.37198428568249,0.464946276332251
"997",7.22522951905857,0.0436523940148425
"998",6.75147515661535,0.0414507849674388
"999",6.51319311225359,0.494142235072011
"1000",7.81227955686821,0.204193135642056
"1001",7.84398284121079,0.179578264982925
